-- --------------------------------------------------------
-- Host:                         lnx023
-- Versione server:              5.1.73-0ubuntu0.10.04.1 - (Ubuntu)
-- S.O. server:                  debian-linux-gnu
-- HeidiSQL Versione:            9.4.0.5125
-- --------------------------------------------------------

/*!40101 SET @OLD_CHARACTER_SET_CLIENT=@@CHARACTER_SET_CLIENT */;
/*!40101 SET NAMES utf8 */;
/*!40014 SET @OLD_FOREIGN_KEY_CHECKS=@@FOREIGN_KEY_CHECKS, FOREIGN_KEY_CHECKS=0 */;
/*!40101 SET @OLD_SQL_MODE=@@SQL_MODE, SQL_MODE='NO_AUTO_VALUE_ON_ZERO' */;


-- Dump della struttura del database telefonia
CREATE DATABASE IF NOT EXISTS `telefonia` /*!40100 DEFAULT CHARACTER SET latin1 */;
USE `telefonia`;

-- Dump della struttura di tabella telefonia.fisso_cap_spesa
CREATE TABLE IF NOT EXISTS `fisso_cap_spesa` (
  `id` int(11) NOT NULL AUTO_INCREMENT,
  `cap_spesa` varchar(50) DEFAULT NULL,
  PRIMARY KEY (`id`),
  UNIQUE KEY `Indice 2` (`cap_spesa`)
) ENGINE=InnoDB AUTO_INCREMENT=34 DEFAULT CHARSET=latin1;

-- Dump dei dati della tabella telefonia.fisso_cap_spesa: ~22 rows (circa)
DELETE FROM `fisso_cap_spesa`;
/*!40000 ALTER TABLE `fisso_cap_spesa` DISABLE KEYS */;
INSERT INTO `fisso_cap_spesa` (`id`, `cap_spesa`) VALUES
	(8, '04200/3335'),
	(4, '20200/3335'),
	(1, '20200/3343'),
	(18, '20230/3335'),
	(19, '20250/3335'),
	(12, '23300/3335'),
	(6, '25700/3335'),
	(7, '27300/3335'),
	(5, '28300/3335'),
	(17, '33000/3335'),
	(3, '37400/3335'),
	(11, '38400/3335'),
	(13, '41700/3335'),
	(16, '53000/3335'),
	(15, '55600/3335'),
	(2, '55750/3335'),
	(9, '60060/3335'),
	(10, '60090/3335'),
	(22, '63700/3335'),
	(14, '65600/3335'),
	(21, '65601/3335'),
	(20, '65602/3335');
/*!40000 ALTER TABLE `fisso_cap_spesa` ENABLE KEYS */;

-- Dump della struttura di tabella telefonia.fisso_dati_linee
CREATE TABLE IF NOT EXISTS `fisso_dati_linee` (
  `id` int(11) NOT NULL AUTO_INCREMENT,
  `n_linea` varchar(50) DEFAULT NULL,
  `cap_spesa` int(11) DEFAULT NULL,
  `cdr` varchar(50) DEFAULT NULL,
  `cdg` varchar(50) DEFAULT NULL,
  `ril_iva` varchar(50) DEFAULT NULL,
  `impegno` varchar(50) DEFAULT NULL,
  `note` varchar(50) DEFAULT NULL,
  `data_att` date DEFAULT NULL,
  `data_cess` date DEFAULT NULL,
  KEY `Indice 1` (`id`),
  KEY `FK_fisso_dati_linee_fisso_cap_spesa` (`cap_spesa`),
  CONSTRAINT `FK_fisso_dati_linee_fisso_cap_spesa` FOREIGN KEY (`cap_spesa`) REFERENCES `fisso_cap_spesa` (`id`)
) ENGINE=InnoDB AUTO_INCREMENT=512 DEFAULT CHARSET=latin1;

-- Dump dei dati della tabella telefonia.fisso_dati_linee: ~335 rows (circa)
DELETE FROM `fisso_dati_linee`;
/*!40000 ALTER TABLE `fisso_dati_linee` DISABLE KEYS */;
INSERT INTO `fisso_dati_linee` (`id`, `n_linea`, `cap_spesa`, `cdr`, `cdg`, `ril_iva`, `impegno`, `note`, `data_att`, `data_cess`) VALUES
	(1, '054311148648', 1, '181', '181', '', '2016 127/1', 'WI-FI', NULL, NULL),
	(2, '054321013', 2, '436', '181', '', '2016 445/1', '', NULL, NULL),
	(3, '054321109', 3, '422', '181', '', '2016 437/1', '', NULL, NULL),
	(4, '054321217', 4, '181', '181', '', '2016 468/1', '', NULL, NULL),
	(5, '054321231', 3, '422', '181', '', '2016 437/1', '', NULL, NULL),
	(6, '054321317', 5, '465', '181', '', '2016 435/1', '', NULL, NULL),
	(7, '054321424', 3, '422', '181', '', '2016 437/1', '', NULL, NULL),
	(8, '054321875', 3, '422', '181', '', '2016 437/1', '', NULL, NULL),
	(9, '054321986', 2, '436', '181', '', '2016 445/1', '', NULL, NULL),
	(10, '054322618', 3, '422', '181', '', '2016 437/1', '', NULL, NULL),
	(11, '054324184', 3, '422', '181', '', '2016 437/1', '', NULL, NULL),
	(12, '054325508', 4, '181', '181', '', '2016 468/1', '', NULL, NULL),
	(13, '054325617', 6, '455', '181', 'IVA', '2016 433/1', '', NULL, NULL),
	(14, '054325656', 7, '464', '181', '', '2016 434/1', '', NULL, NULL),
	(15, '054326039', 8, '117', '181', '', '2016 429/1', '', NULL, NULL),
	(16, '054327048', 9, '434', '181', '', '2016 469/1', '', NULL, NULL),
	(17, '054329059', 2, '436', '181', '', '2016 445/1', '', NULL, NULL),
	(18, '054329344', 6, '455', '181', 'IVA', '2016 433/1', '', NULL, NULL),
	(19, '054329510', 10, '449', '181', '', '2016 447/1', '', NULL, NULL),
	(20, '054330244', 4, '181', '181', '', '2016 468/1', '', NULL, NULL),
	(21, '054330593', 3, '422', '181', '', '2016 437/1', '', NULL, NULL),
	(22, '054330709', 2, '436', '181', '', '2016 445/1', '', NULL, NULL),
	(23, '054331207', 6, '455', '181', 'IVA', '2016 433/1', '', NULL, NULL),
	(24, '054331454', 8, '117', '181', '', '2016 429/1', '', NULL, NULL),
	(25, '054332042', 4, '181', '181', '', '2016 468/1', '', NULL, NULL),
	(26, '054332121', 4, '181', '181', '', '2016 468/1', '', NULL, NULL),
	(27, '054332193', 6, '455', '181', 'IVA', '2016 433/1', '', NULL, NULL),
	(28, '054332991', 7, '464', '181', '', '2016 434/1', '', NULL, NULL),
	(29, '054333163', 4, '181', '181', '', '2016 468/1', '', NULL, NULL),
	(30, '054333378', 4, '181', '181', '', '2016 468/1', '', NULL, NULL),
	(31, '054333386', 11, '412', '181', 'IVA', '2017 156/1', '', NULL, NULL),
	(32, '054333599', 10, '779', '181', '', '2016 447/1', '', NULL, NULL),
	(33, '054334002', 12, '131', '181', '', '2016 432/1', '', NULL, NULL),
	(34, '054334070', 4, '181', '181', '', '2016 468/1', '', NULL, NULL),
	(35, '054334092', 13, '417', '181', 'IVA', '2016 440/1', '', NULL, NULL),
	(36, '054334180', 7, '464', '181', '', '2016 434/1', '', NULL, NULL),
	(37, '054334491', 2, '436', '181', '', '2016 445/1', '', NULL, NULL),
	(38, '054334951', 6, '455', '181', 'IVA', '2016 433/1', '', NULL, NULL),
	(39, '054335435', 12, '131', '181', '', '2016 432/1', '', NULL, NULL),
	(40, '054335665', 3, '422', '181', '', '2016 437/1', '', NULL, NULL),
	(41, '054336154', 3, '422', '181', '', '2016 437/1', '', NULL, NULL),
	(42, '054336349', 12, '131', '181', '', '2016 432/1', '', NULL, NULL),
	(43, '054336615', 6, '455', '181', 'iVA', '2016 433/1', '', NULL, NULL),
	(44, '054336691', 4, '181', '181', '', '2016 468/1', '', NULL, NULL),
	(45, '0543370096', 14, '223', '181', 'IVA', '2016 450/1', '', NULL, NULL),
	(46, '0543370444', 3, '422', '181', '', '2016 437/1', '', NULL, NULL),
	(47, '0543371067', 4, '181', '181', '', '2016 468/1', '', NULL, NULL),
	(48, '0543400635', 12, '131', '181', '', '2016 432/1', '', NULL, NULL),
	(49, '0543401376', 7, '464', '181', '', '2016 434/1', '', NULL, NULL),
	(50, '0543401421', 15, '452', '181', 'IVA', '2017 162/1', '', NULL, NULL),
	(51, '0543403003', 7, '464', '181', '', '2016 434/1', '', NULL, NULL),
	(52, '0543404137', 8, '117', '181', '', '2016 429/1', '', NULL, NULL),
	(53, '0543404239', 3, '422', '181', '', '2016 437/1', '', NULL, NULL),
	(54, '0543404367', 5, '465', '181', '', '2016 435/1', '', NULL, NULL),
	(55, '0543405066', 4, '181', '181', '', '2016 468/1', '', NULL, NULL),
	(56, '0543473571', 7, '464', '181', '', '2016 434/1', '', NULL, NULL),
	(57, '0543473961', 7, '464', '181', '', '2016 434/1', '', NULL, NULL),
	(58, '0543476042', 7, '464', '181', '', '2016 434/1', '', NULL, NULL),
	(59, '0543479192', 3, '422', '181', '', '2016 437/1', '', NULL, NULL),
	(60, '0543479436', 13, '418', '181', 'IVA', '2016 441/1', 'CREDITO 0', NULL, NULL),
	(61, '0543479502', 4, '181', '181', '', '2016 468/1', '', NULL, NULL),
	(62, '0543479683', 4, '181', '181', '', '2016 468/1', '', NULL, NULL),
	(63, '0543480153', 9, '434', '181', '', '2016 469/1', '', NULL, NULL),
	(64, '0543480482', 6, '455', '181', 'IVA', '2016 433/1', '', NULL, NULL),
	(65, '0543481408', 8, '117', '181', '', '2016 429/1', '', NULL, NULL),
	(66, '0543488247', 7, '464', '181', '', '2016 434/1', '', NULL, NULL),
	(67, '0543494899', 4, '181', '181', '', '2016 468/1', '', NULL, NULL),
	(68, '0543551255', 8, '117', '181', '', '2016 429/1', 'Via Dragoni, 57', NULL, NULL),
	(69, '0543551351', 4, '181', '181', '', '2016 468/1', '', NULL, NULL),
	(70, '0543551533', 8, '117', '181', '', '2016 429/1', '', NULL, NULL),
	(71, '0543553623', 15, '452', '181', 'IVA', '2017 162/1', '', NULL, NULL),
	(72, '0543553633', 15, '452', '181', 'IVA', '2017 162/1', '', NULL, NULL),
	(73, '0543553643', 6, '455', '181', 'IVA', '2016 433/1', '', NULL, NULL),
	(74, '0543553650', 6, '455', '181', 'IVA', '2016 433/1', '', NULL, NULL),
	(75, '0543553656', 6, '455', '181', 'IVA', '2016 433/1', '', NULL, NULL),
	(76, '0543553663', 15, '452', '181', 'IVA', '2017 162/1', '', NULL, NULL),
	(77, '0543554176', 15, '452', '181', 'IVA', '2017 162/1', '', NULL, NULL),
	(78, '0543554339', 7, '464', '181', '', '2016 434/1', '', NULL, NULL),
	(79, '0543554393', 15, '452', '181', 'IVA', '2017 162/1', '', NULL, NULL),
	(80, '054360157', 6, '455', '181', 'iVA', '2016 433/1', '', NULL, NULL),
	(81, '054360815', 8, '117', '181', '', '2016 429/1', '', NULL, NULL),
	(82, '054361267', 13, '418', '181', 'IVA', '2016 441/1', 'CREDITO 0', NULL, NULL),
	(83, '054362000', 6, '455', '181', 'IVA', '2016 433/1', '', NULL, NULL),
	(84, '054362046', 15, '452', '181', 'IVA', '2017 162/1', '', NULL, NULL),
	(85, '054362269', 15, '452', '181', 'IVA', '2017 162/1', '', NULL, NULL),
	(86, '054362409', 15, '452', '181', 'IVA', '2017 162/1', '', NULL, NULL),
	(87, '054362524', 15, '452', '181', 'IVA', '2017 162/1', '', NULL, NULL),
	(88, '054363004', 6, '455', '181', 'IVA', '2016 433/1', '', NULL, NULL),
	(89, '054365753', 7, '464', '181', '', '2016 434/1', '', NULL, NULL),
	(90, '054365988', 8, '117', '181', '', '2016 429/1', '', NULL, NULL),
	(91, '054366627', 16, '364', '181', '', '2016 442/1', '', NULL, NULL),
	(92, '054367768', 15, '452', '181', 'IVA', '2017 162/1', '', NULL, NULL),
	(93, '054368046', 7, '464', '181', '', '2016 434/1', '', NULL, NULL),
	(94, '0543700640', 8, '117', '181', '', '2016 429/1', '', NULL, NULL),
	(95, '0543700699', 15, '452', '181', 'IVA', '2017 162/1', '', NULL, NULL),
	(96, '0543701010', 6, '455', '181', 'IVA', '2016 433/1', '', NULL, NULL),
	(97, '0543702031', 4, '181', '181', '', '2016 468/1', '', NULL, NULL),
	(98, '0543702170', 15, '452', '181', 'IVA', '2017 162/1', '', NULL, NULL),
	(99, '0543702190', 6, '455', '181', 'IVA', '2016 433/1', '', NULL, NULL),
	(100, '0543702401', 4, '181', '181', '', '2016 468/1', '', NULL, NULL),
	(101, '0543702473', 13, '415', '181', 'IVA', '2016 439/1', ' ', NULL, NULL),
	(102, '0543702582', 12, '131', '181', '', '2016 432/1', '', NULL, NULL),
	(103, '0543703873', 7, '464', '181', '', '2016 434/1', '', NULL, NULL),
	(104, '0543704031', 7, '464', '181', '', '2016 434/1', '', NULL, NULL),
	(105, '0543705159', 8, '117', '181', '', '2016 429/1', '', NULL, NULL),
	(106, '0543705457', 12, '131', '181', '', '2016 432/1', '', NULL, NULL),
	(107, '0543720541', 15, '452', '181', 'IVA', '2017 162/1', '', NULL, NULL),
	(108, '0543720613', 4, '181', '181', '', '2016 468/1', '', NULL, NULL),
	(109, '0543720704', 6, '455', '181', 'IVA', '2016 433/1', '', NULL, NULL),
	(110, '0543721051', 16, '364', '181', '', '2016 442/1', '', NULL, NULL),
	(111, '0543721916', 17, '164', '181', 'IVA', '2017 154/1', '', NULL, NULL),
	(112, '0543722307', 17, '164', '181', 'IVA', '2017 154/1', '', NULL, NULL),
	(113, '0543722597', 4, '181', '181', '', '2016 468/1', '', NULL, NULL),
	(114, '0543722792', 17, '164', '181', 'IVA', '2017 154/1', '', NULL, NULL),
	(115, '0543723469', 4, '181', '181', '', '2016 468/1', '', NULL, NULL),
	(116, '0543723884', 4, '181', '181', '', '2016 468/1', '', NULL, NULL),
	(117, '0543724313', 17, '164', '181', 'IVA', '2017 154/1', '', NULL, NULL),
	(118, '0543724578', 17, '164', '181', 'IVA', '2017 154/1', '', NULL, NULL),
	(119, '0543725674', 8, '117', '181', '', '2016 429/1', '', NULL, NULL),
	(120, '0543725764', 15, '452', '181', 'IVA', '2017 162/1', '', NULL, NULL),
	(121, '0543725772', 6, '455', '181', 'IVA', '2016 433/1', '', NULL, NULL),
	(122, '0543728164', 8, '117', '181', '', '2016 429/1', '', NULL, NULL),
	(123, '0543756296', 7, '464', '181', '', '2016 434/1', '', NULL, NULL),
	(124, '0543764440', 7, '464', '181', '', '2016 434/1', '', NULL, NULL),
	(125, '0543764455', 7, '464', '181', '', '2016 434/1', '', NULL, NULL),
	(126, '0543764499', 7, '464', '181', '', '2016 434/1', '', NULL, NULL),
	(127, '0543780050', 7, '464', '181', '', '2016 434/1', '', NULL, NULL),
	(128, '0543780051', 7, '464', '181', '', '2016 434/1', '', NULL, NULL),
	(129, '0543780089', 13, '418', '181', 'IVA', '2016 441/1', 'CREDITO 0', NULL, NULL),
	(130, '0543780512', 15, '452', '181', 'IVA', '2017 162/1', '', NULL, NULL),
	(131, '0543783020', 15, '452', '181', 'IVA', '2017 162/1', '', NULL, NULL),
	(132, '0543783043', 18, '31', '181', '', '2016 430/1', '', NULL, NULL),
	(133, '0543795029', 7, '464', '181', '', '2016 434/1', '', NULL, NULL),
	(134, '0543795879', 19, '366', '181', '', '2016 431/1', '', NULL, NULL),
	(135, '0543798802', 5, '465', '181', '', '2016 435/1', '', NULL, NULL),
	(136, '0543798893', 15, '452', '181', 'IVA', '2017 162/1', '', NULL, NULL),
	(137, '0543799923', 15, '452', '181', 'IVA', '2017 162/1', '', NULL, NULL),
	(138, '0543818364', 7, '464', '181', '', '2016 434/1', '', NULL, NULL),
	(139, '0543818384', 7, '464', '181', '', '2016 434/1', '', NULL, NULL),
	(140, '0543818575', 8, '117', '181', '', '2016 429/1', '', NULL, NULL),
	(141, '054383400', 7, '464', '181', '', '2016 434/1', '', NULL, NULL),
	(142, '054386016', 5, '465', '181', '', '2016 435/1', '', NULL, NULL),
	(143, '054386037', 7, '464', '181', '', '2016 434/1', '', NULL, NULL),
	(144, '054386324', 6, '455', '181', 'IVA', '2016 433/1', '', NULL, NULL),
	(145, '054386392', 7, '464', '181', '', '2016 434/1', '', NULL, NULL),
	(146, '054386447', 7, '464', '181', '', '2016 434/1', '', NULL, NULL),
	(147, '054389537', 7, '464', '181', '', '2016 434/1', '', NULL, NULL),
	(148, '054389541', 7, '464', '181', '', '2016 434/1', '', NULL, NULL),
	(149, '054320040', 11, '412', '181', 'IVA', '2017 156/1', 'Teatro Centralino?', NULL, NULL),
	(150, '054320897', 2, '436', '181', '', '2016 445/1', '', NULL, NULL),
	(151, '054321203', 11, '412', '181', 'IVA', '2017 156/1', '', NULL, NULL),
	(152, '054321241', 2, '436', '181', '', '2016 445/1', 'Centro Donna?', NULL, NULL),
	(153, '054321895', 5, '465', '181', '', '2016 435/1', '', NULL, NULL),
	(154, '054324013', 8, '117', '181', '', '2016 429/1', '', NULL, NULL),
	(155, '054325275', 7, '464', '181', '', '2016 434/1', '', NULL, NULL),
	(156, '054325505', 4, '181', '181', '', '2016 468/1', '', NULL, NULL),
	(157, '054325976', 2, '436', '181', '', '2016 445/1', '', NULL, NULL),
	(158, '054331978', 3, '422', '181', '', '2016 437/1', '', NULL, NULL),
	(159, '054332019', 5, '465', '181', '', '2016 435/1', '', NULL, NULL),
	(160, '054333100', 7, '464', '181', '', '2016 434/1', '', NULL, NULL),
	(161, '054333345', 7, '464', '181', '', '2016 434/1', '', NULL, NULL),
	(162, '054336220', 4, '181', '181', '', '2016 468/1', 'Centralino Comune', NULL, NULL),
	(163, '054336221', 4, '181', '181', '', '2016 468/1', '', NULL, NULL),
	(164, '054336222', 4, '181', '181', '', '2016 468/1', '', NULL, NULL),
	(165, '054336224', 12, '131', '181', '', '2016 432/1', 'C.so rep?', NULL, NULL),
	(166, '054336225', 12, '131', '181', '', '2016 432/1', '', NULL, NULL),
	(167, '054336226', 12, '131', '181', '', '2016 432/1', '', NULL, NULL),
	(168, '054336227', 12, '131', '181', '', '2016 432/1', '', NULL, NULL),
	(169, '054336272', 20, '221', '181', 'IVA', '2017 168/1', '', NULL, NULL),
	(170, '054336273', 20, '221', '181', 'IVA', '2017 168/1', '', NULL, NULL),
	(171, '054336274', 2, '436', '181', '', '2016 445/1', 'Welfare G. saffi', NULL, NULL),
	(172, '054336662', 4, '181', '181', '', '2016 468/1', '', NULL, NULL),
	(173, '054336703', 4, '181', '181', '', '2016 468/1', '', NULL, NULL),
	(174, '0543370850', 4, '181', '181', '', '2016 468/1', '', NULL, NULL),
	(175, '0543403007', 4, '181', '181', '', '2016 468/1', '', NULL, NULL),
	(176, '0543403205', 7, '464', '181', '', '2016 434/1', '', NULL, NULL),
	(177, '0543404110', 12, '131', '181', '', '2016 432/1', 'Curiel', NULL, NULL),
	(178, '0543404111', 12, '131', '181', '', '2016 432/1', '', NULL, NULL),
	(179, '054360499', 5, '465', '181', '', '2016 435/1', '', NULL, NULL),
	(180, '054361268', 7, '464', '181', '', '2016 434/1', '', NULL, NULL),
	(181, '054362124', 4, '181', '181', '', '2016 468/1', '', NULL, NULL),
	(182, '054363074', 7, '464', '181', '', '2016 434/1', '', NULL, NULL),
	(183, '054363439', 5, '465', '181', '', '2016 435/1', '', NULL, NULL),
	(184, '054363508', 7, '464', '181', '', '2016 434/1', '', NULL, NULL),
	(185, '054365089', 5, '465', '181', '', '2016 435/1', '', NULL, NULL),
	(186, '054366658', 5, '465', '181', '', '2016 435/1', '', NULL, NULL),
	(187, '054367215', 7, '464', '181', '', '2016 434/1', '', NULL, NULL),
	(188, '0543700661', 7, '464', '181', '', '2016 434/1', '', NULL, NULL),
	(189, '0543700777', 4, '181', '181', '', '2016 468/1', '', NULL, NULL),
	(190, '0543703001', 5, '465', '181', '', '2016 435/1', '', NULL, NULL),
	(191, '0543721072', 7, '464', '181', '', '2016 434/1', '', NULL, NULL),
	(192, '0543721077', 5, '465', '181', '', '2016 435/1', '', NULL, NULL),
	(193, '0543724014', 7, '464', '181', '', '2016 434/1', '', NULL, NULL),
	(194, '0543726006', 7, '464', '181', '', '2016 434/1', '', NULL, NULL),
	(195, '0543726007', 7, '464', '181', '', '2016 434/1', '', NULL, NULL),
	(196, '0543764433', 5, '465', '181', '', '2016 435/1', '', NULL, NULL),
	(197, '0543770601', 21, '221', '181', 'IVA', '2017 137/1', 'Contrattazioni', NULL, NULL),
	(198, '0543774939', 22, '126', '181', '', '2016 448/1', 'Cimiteriali', NULL, NULL),
	(199, '0543775359', 4, '181', '181', '', '2016 468/1', '', NULL, NULL),
	(200, '0543798270', 8, '117', '181', '', '2016 429/1', '', NULL, NULL),
	(201, '0543816001', 4, '181', '181', '', '2016 468/1', '', NULL, NULL),
	(202, '054313344270', 1, '181', '181', ' ', '2016 127/1', 'Centro Stella MPLS', NULL, NULL),
	(203, '054313340601', 1, '181', '181', ' ', '2016 127/1', 'HDL Wifi', NULL, NULL),
	(204, '054313345069', 4, '181', '181', '', '2016 468/1', 'Voip', NULL, NULL),
	(205, '054313340642', 1, '181', '181', ' ', '2016 127/1', 'HDSL FMI', NULL, NULL),
	(206, '054313341670', 13, '418', '181', 'IVA', '2016 441/1', 'CREDITO 0', NULL, NULL),
	(207, '054313341671', 8, '117', '181', '', '2016 429/1', '', NULL, NULL),
	(208, '054313341672', 7, '464', '181', '', '2016 434/1', '', NULL, NULL),
	(209, '054313341676', 12, '131', '181', '', '2016 432/1', '', NULL, NULL),
	(210, '054313341678', 10, '449', '181', '', '2016 447/1', '', NULL, NULL),
	(211, '054313341679', 13, '415', '181', 'IVA', '2016 439/1', ' ', NULL, NULL),
	(212, '054313341680', 7, '464', '181', '', '2016 434/1', '', NULL, NULL),
	(213, '054313341683', 13, '417', '181', 'IVA', '2016 440/1', ' ', NULL, NULL),
	(214, '054313341687', 7, '464', '181', '', '2016 434/1', '', NULL, NULL),
	(215, '054313341688', 8, '117', '181', '', '2016 429/1', '', NULL, NULL),
	(216, '054313341689', 1, '181', '181', ' ', '2016 127/1', '', NULL, NULL),
	(217, '054313341691', 8, '117', '181', '', '2016 429/1', '', NULL, NULL),
	(218, '054313341694', 1, '181', '181', ' ', '2016 127/1', '', NULL, NULL),
	(219, '054313341695', 5, '465', '181', '', '2016 435/1', '', NULL, NULL),
	(220, '054313341696', 8, '117', '181', '', '2016 429/1', '', NULL, NULL),
	(221, '054313341697', 8, '117', '181', '', '2016 429/1', '', NULL, NULL),
	(222, '054313341700', 7, '464', '181', '', '2016 434/1', '', NULL, NULL),
	(223, '054313341701', 8, '117', '181', '', '2016 429/1', '', NULL, NULL),
	(224, '054313341702', 7, '464', '181', '', '2016 434/1', '', NULL, NULL),
	(225, '054313341703', 8, '117', '181', '', '2016 429/1', '', NULL, NULL),
	(226, '054313341704', 7, '464', '181', '', '2016 434/1', '', NULL, NULL),
	(227, '054313341705', 7, '464', '181', '', '2016 434/1', '', NULL, NULL),
	(228, '054313341706', 7, '464', '181', '', '2016 434/1', '', NULL, NULL),
	(229, '054313341707', 7, '464', '181', '', '2016 434/1', '', NULL, NULL),
	(230, '054313341708', 5, '465', '181', '', '2016 435/1', '', NULL, NULL),
	(231, '054313341709', 7, '464', '181', '', '2016 434/1', '', NULL, NULL),
	(232, '054313341710', 7, '464', '181', '', '2016 434/1', '', NULL, NULL),
	(233, '054313341711', 7, '464', '181', '', '2016 434/1', '', NULL, NULL),
	(234, '054313341712', 7, '464', '181', '', '2016 434/1', '', NULL, NULL),
	(235, '054313341719', 15, '452', '181', 'IVA', '2017 162/1', '', NULL, NULL),
	(236, '054313341720', 15, '452', '181', 'IVA', '2017 162/1', '', NULL, NULL),
	(237, '054313341721', 15, '452', '181', 'IVA', '2017 162/1', '', NULL, NULL),
	(238, '054313341729', 8, '117', '181', '', '2016 429/1', '', NULL, NULL),
	(239, '054313341730', 6, '455', '181', 'IVA', '2016 433/1', '', NULL, NULL),
	(240, '054313341731', 6, '455', '181', 'IVA', '2016 433/1', '', NULL, NULL),
	(241, '054313341732', 6, '455', '181', 'IVA', '2016 433/1', '', NULL, NULL),
	(242, '054313341733', 6, '455', '181', 'IVA', '2016 433/1', '', NULL, NULL),
	(243, '054313341734', 2, '436', '181', '', '2016 445/1', '', NULL, NULL),
	(244, '054313341735', 8, '117', '181', '', '2016 429/1', '', NULL, NULL),
	(245, '054313341736', 15, '452', '181', 'IVA', '2017 162/1', '', NULL, NULL),
	(246, '054313341737', 15, '452', '181', 'IVA', '2017 162/1', '', NULL, NULL),
	(247, '054313341738', 6, '455', '181', 'IVA', '2016 433/1', '', NULL, NULL),
	(248, '054313341739', 6, '455', '181', 'IVA', '2016 433/1', '', NULL, NULL),
	(249, '054313341746', 15, '452', '181', 'IVA', '2017 162/1', '', NULL, NULL),
	(250, '054313341747', 7, '464', '181', '', '2016 434/1', '', NULL, NULL),
	(251, '054313341748', 6, '455', '181', 'IVA', '2016 433/1', '', NULL, NULL),
	(252, '054313341774', 6, '455', '181', 'IVA', '2016 433/1', '', NULL, NULL),
	(253, '054313341783', 6, '455', '181', 'IVA', '2016 433/1', '', NULL, NULL),
	(254, '054313341824', 7, '464', '181', '', '2016 434/1', '', NULL, NULL),
	(255, '054313342021', 9, '431', '181', '', '2016 446/1', '', NULL, NULL),
	(256, '054313342049', 14, '222', '181', 'IVA', '2016 449/1', '', NULL, NULL),
	(257, '054313342050', 1, '181', '181', '', '2016 127/1', '', NULL, NULL),
	(258, '054313342052', 2, '436', '181', '', '2016 445/1', '', NULL, NULL),
	(259, '054313342053', 1, '181', '181', ' ', '2016 127/1', '', NULL, NULL),
	(260, '054313342059', 3, '422', '181', '', '2016 437/1', '', NULL, NULL),
	(261, '054313342163', 7, '464', '181', '', '2016 434/1', '', NULL, NULL),
	(262, '054313342858', 1, '181', '181', ' ', '2016 127/1', '', NULL, NULL),
	(263, '054313343408', 12, '131', '181', '', '2016 432/1', '', NULL, NULL),
	(264, '054313344286', 7, '464', '181', '', '2016 434/1', '', NULL, NULL),
	(265, '054313344287', 7, '464', '181', '', '2016 434/1', '', NULL, NULL),
	(266, '054313344288', 5, '465', '181', '', '2016 435/1', '', NULL, NULL),
	(267, '054313344289', 5, '465', '181', '', '2016 435/1', '', NULL, NULL),
	(268, '054313344290', 7, '464', '181', '', '2016 434/1', '', NULL, NULL),
	(269, '054313344291', 5, '465', '181', '', '2016 435/1', '', NULL, NULL),
	(270, '054313344292', 7, '464', '181', '', '2016 434/1', '', NULL, NULL),
	(271, '054313344293', 5, '465', '181', '', '2016 435/1', '', NULL, NULL),
	(272, '054313344294', 5, '465', '181', '', '2016 435/1', '', NULL, NULL),
	(273, '054313344295', 7, '464', '181', '', '2016 434/1', '', NULL, NULL),
	(274, '054313344296', 5, '465', '181', '', '2016 435/1', '', NULL, NULL),
	(275, '054313344297', 7, '464', '181', '', '2016 434/1', '', NULL, NULL),
	(276, '054313503864', 8, '117', '181', '', '2016 429/1', '', NULL, NULL),
	(277, '054313503865', 8, '117', '181', '', '2016 429/1', '', NULL, NULL),
	(278, '054313503902', NULL, '', '', '', '', 'NON C\'E\'', NULL, NULL),
	(279, '054613513382', 1, '181', '181', ' ', '2016 127/1', '', NULL, NULL);
/*!40000 ALTER TABLE `fisso_dati_linee` ENABLE KEYS */;

-- Dump della struttura di tabella telefonia.fisso_fatture_riepilogo
CREATE TABLE IF NOT EXISTS `fisso_fatture_riepilogo` (
  `id` int(11) NOT NULL AUTO_INCREMENT,
  `n_linea` varchar(50) NOT NULL DEFAULT '0',
  `n_fattura` varchar(50) DEFAULT NULL,
  `prot` varchar(50) DEFAULT NULL,
  `tot_contr_abb` float DEFAULT NULL,
  `tot_traffico` float DEFAULT NULL,
  `tot_altri_add_acc` float DEFAULT NULL,
  `tot` float DEFAULT NULL,
  `imponibile` float DEFAULT NULL,
  `iva` float DEFAULT NULL,
  `tot_linea` float DEFAULT NULL,
  `cap_spesa` varchar(50) DEFAULT NULL,
  `cdr` varchar(50) DEFAULT NULL,
  `cdg` varchar(50) DEFAULT NULL,
  `ril_iva` varchar(50) DEFAULT NULL,
  `impegno` varchar(50) DEFAULT NULL,
  `note` varchar(50) DEFAULT NULL,
  KEY `Indice 1` (`id`)
) ENGINE=InnoDB AUTO_INCREMENT=280 DEFAULT CHARSET=latin1;

-- Dump dei dati della tabella telefonia.fisso_fatture_riepilogo: ~266 rows (circa)
DELETE FROM `fisso_fatture_riepilogo`;
/*!40000 ALTER TABLE `fisso_fatture_riepilogo` DISABLE KEYS */;
INSERT INTO `fisso_fatture_riepilogo` (`id`, `n_linea`, `n_fattura`, `prot`, `tot_contr_abb`, `tot_traffico`, `tot_altri_add_acc`, `tot`, `imponibile`, `iva`, `tot_linea`, `cap_spesa`, `cdr`, `cdg`, `ril_iva`, `impegno`, `note`) VALUES
	(1, '054311148648', '4220517X00000475', '74041', 779, 0, 0, 0, 779, 171.38, 950.38, '20200/3343', '181', '181', '', '2016 127/1', 'WI-FI'),
	(2, '054321013', '4220517X00000475', '74041', 36.78, 24.87, 0, 0, 61.65, 13.56, 75.21, '55750/3335', '436', '181', '', '2016 445/1', ''),
	(3, '054321109', '4220517X00000475', '74041', 15.58, 0.01, 0, 0, 15.59, 3.43, 19.02, '37400/3335', '422', '181', '', '2016 437/1', ''),
	(4, '054321217', '4220517X00000475', '74041', 15.58, 0.09, 0, 0, 15.67, 3.45, 19.12, '20200/3335', '181', '181', '', '2016 468/1', ''),
	(5, '054321231', '4220517X00000475', '74041', 15.58, 1.1, 0, 0, 16.68, 3.67, 20.35, '37400/3335', '422', '181', '', '2016 437/1', ''),
	(6, '054321317', '4220517X00000475', '74041', 15.58, 7.05, 0, 0, 22.63, 4.98, 27.61, '28300/3335', '465', '181', '', '2016 435/1', ''),
	(7, '054321424', '4220517X00000475', '74041', 24.36, 0, 0, 0, 24.36, 5.36, 29.72, '37400/3335', '422', '181', '', '2016 437/1', ''),
	(8, '054321875', '4220517X00000475', '74041', 18.72, 0, 0, 0, 18.72, 4.12, 22.84, '37400/3335', '422', '181', '', '2016 437/1', ''),
	(9, '054321986', '4220517X00000475', '74041', 15.58, 7.66, 0, 0, 23.24, 5.11, 28.35, '55750/3335', '436', '181', '', '2016 445/1', ''),
	(10, '054322618', '4220517X00000475', '74041', 15.58, 0, 0, 0, 15.58, 3.43, 19.01, '37400/3335', '422', '181', '', '2016 437/1', ''),
	(11, '054324184', '4220517X00000475', '74041', 21.26, 0, 0, 0, 21.26, 4.68, 25.94, '37400/3335', '422', '181', '', '2016 437/1', ''),
	(12, '054325508', '4220517X00000475', '74041', 15.58, 0, 0, 0, 15.58, 3.43, 19.01, '20200/3335', '181', '181', '', '2016 468/1', ''),
	(13, '054325617', '4220517X00000475', '74041', 21.88, 2.58, 0, 0, 24.46, 5.38, 29.84, '25700/3335', '455', '181', 'IVA', '2016 433/1', ''),
	(14, '054325656', '4220517X00000475', '74041', 19.3, 0.07, 0, 0, 19.37, 4.26, 23.63, '27300/3335', '464', '181', '', '2016 434/1', ''),
	(15, '054326039', '4220517X00000475', '74041', 18.16, 0.72, 0, 0, 18.88, 4.15, 23.03, '04200/3335', '117', '181', '', '2016 429/1', ''),
	(16, '054327048', '4220517X00000475', '74041', 22.34, 0, 0, 0, 22.34, 4.91, 27.25, '60060/3335', '434', '181', '', '2016 469/1', ''),
	(17, '054329059', '4220517X00000475', '74041', 15.58, 3.09, 0, 0, 18.67, 4.11, 22.78, '55750/3335', '436', '181', '', '2016 445/1', ''),
	(18, '054329344', '4220517X00000475', '74041', 15.58, 0.99, 0, 0, 16.57, 3.65, 20.22, '25700/3335', '455', '181', 'IVA', '2016 433/1', ''),
	(19, '054329510', '4220517X00000475', '74041', 21.98, 3.82, 0, 0, 25.8, 5.68, 31.48, '60090/3335', '449', '181', '', '2016 447/1', ''),
	(20, '054330244', '4220517X00000475', '74041', 10.62, 7.54, 0, 0, 18.16, 4, 22.16, '20200/3335', '181', '181', '', '2016 468/1', ''),
	(21, '054330593', '4220517X00000475', '74041', 15.58, 0, 0, 0, 15.58, 3.43, 19.01, '37400/3335', '422', '181', '', '2016 437/1', ''),
	(22, '054330709', '4220517X00000475', '', 26.42, 1.69, 0, 0, 28.11, 6.18, 34.29, '55750/3335', '436', '181', '', '2016 445/1', ''),
	(23, '054331207', '4220517X00000475', '74041', 15.58, 0, 0, 0, 15.58, 3.43, 19.01, '25700/3335', '455', '181', 'IVA', '2016 433/1', ''),
	(24, '054331454', '4220517X00000475', '74041', 21.78, 0.09, 0, 0, 21.87, 4.81, 26.68, '04200/3335', '117', '181', '', '2016 429/1', ''),
	(25, '054332042', '4220517X00000475', '74041', 55.8, 35.01, 0, 0, 90.81, 19.98, 110.79, '20200/3335', '181', '181', '', '2016 468/1', ''),
	(26, '054332121', '4220517X00000475', '74041', 29.3, 0.18, 0, 0, 29.48, 6.49, 35.97, '20200/3335', '181', '181', '', '2016 468/1', ''),
	(27, '054332193', '4220517X00000475', '74041', 15.58, 0, 0, 0, 15.58, 3.43, 19.01, '25700/3335', '455', '181', 'IVA', '2016 433/1', ''),
	(28, '054332991', '4220517X00000475', '74041', 22.58, 3.99, 4.78, 0, 31.35, 6.9, 38.25, '27300/3335', '464', '181', '', '2016 434/1', ''),
	(29, '054333163', '4220517X00000475', '74041', 15.58, 25.9, 0, 0, 41.48, 9.13, 50.61, '20200/3335', '181', '181', '', '2016 468/1', ''),
	(30, '054333378', '4220517X00000475', '74041', 18.78, 0.13, 0, 0, 18.91, 4.16, 23.07, '20200/3335', '181', '181', '', '2016 468/1', ''),
	(31, '054333386', '4220517X00000475', '74041', 15.58, 0.08, 0, 0, 15.66, 3.45, 19.11, '38400/3335', '412', '181', 'IVA', '2017 156/1', ''),
	(32, '054333599', '4220517X00000475', '74041', 15.58, 0.32, 0, 0, 15.9, 3.5, 19.4, '60090/3335', '779', '181', '', '2016 447/1', ''),
	(33, '054334002', '4220517X00000475', '74041', 23.3, 0, 0, 0, 23.3, 5.13, 28.43, '23300/3335', '131', '181', '', '2016 432/1', ''),
	(34, '054334070', '4220517X00000475', '74041', 15.58, 0, 0, 0, 15.58, 3.43, 19.01, '20200/3335', '181', '181', '', '2016 468/1', ''),
	(35, '054334092', '4220517X00000475', '74041', 19.12, 0.3, 0, 0, 19.42, 4.27, 23.69, '41700/3335', '417', '181', 'IVA', '2016 440/1', ''),
	(36, '054334180', '4220517X00000475', '74041', 0, 25.55, 0, 0, 25.55, 5.62, 31.17, '27300/3335', '464', '181', '', '2016 434/1', ''),
	(37, '054334491', '4220517X00000475', '74041', 15.58, 0, 0, 0, 15.58, 3.43, 19.01, '55750/3335', '436', '181', '', '2016 445/1', ''),
	(38, '054334951', '4220517X00000475', '74041', 18.88, 5.07, 0, 0, 23.95, 5.27, 29.22, '25700/3335', '455', '181', 'IVA', '2016 433/1', ''),
	(39, '054335435', '4220517X00000475', '', 18.16, 0.29, 0, 0, 18.45, 4.06, 22.51, '23300/3335', '131', '181', '', '2016 432/1', ''),
	(40, '054335665', '4220517X00000475', '74041', 15.58, 0, 0, 0, 15.58, 3.43, 19.01, '37400/3335', '422', '181', '', '2016 437/1', ''),
	(41, '054336154', '4220517X00000475', '74041', 15.58, 0, 0, 0, 15.58, 3.43, 19.01, '37400/3335', '422', '181', '', '2016 437/1', ''),
	(42, '054336349', '4220517X00000475', '74041', 15.58, 0.88, 0, 0, 16.46, 3.62, 20.08, '23300/3335', '131', '181', '', '2016 432/1', ''),
	(43, '054336615', '4220517X00000475', '74041', 15.58, 0.65, 0, 0, 16.23, 3.57, 19.8, '25700/3335', '455', '181', 'iVA', '2016 433/1', ''),
	(44, '054336691', '4220517X00000475', '74041', 15.58, 0, 0, 0, 15.58, 3.43, 19.01, '20200/3335', '181', '181', '', '2016 468/1', ''),
	(45, '0543370096', '4220517X00000475', '74041', 21.98, 0, 0, 0, 21.98, 4.84, 26.82, '65600/3335', '223', '181', 'IVA', '2016 450/1', ''),
	(46, '0543370444', '4220517X00000475', '74041', 15.58, 0, 0, 0, 15.58, 3.43, 19.01, '37400/3335', '422', '181', '', '2016 437/1', ''),
	(47, '0543371067', '4220517X00000475', '74041', 15.58, 0.03, 0, 0, 15.61, 3.43, 19.04, '20200/3335', '181', '181', '', '2016 468/1', ''),
	(48, '0543400635', '4220517X00000475', '74041', 15.58, 0, 0, 0, 15.58, 3.43, 19.01, '23300/3335', '131', '181', '', '2016 432/1', ''),
	(49, '0543401376', '4220517X00000475', '74041', 18.78, 1.95, 0, 0, 20.73, 4.56, 25.29, '27300/3335', '464', '181', '', '2016 434/1', ''),
	(50, '0543401421', '4220517X00000475', '74041', 15.58, 0, 0, 0, 15.58, 3.43, 19.01, '55600/3335', '452', '181', 'IVA', '2017 162/1', ''),
	(51, '0543403003', '4220517X00000475', '74041', 15.58, 0.57, 0, 0, 16.15, 3.55, 19.7, '27300/3335', '464', '181', '', '2016 434/1', ''),
	(52, '0543404137', '4220517X00000475', '74041', 0, 0.6, 0, 0, 0.6, 0.13, 0.73, '04200/3335', '117', '181', '', '2016 429/1', ''),
	(53, '0543404239', '4220517X00000475', '74041', 15.58, 0, 0, 0, 15.58, 3.43, 19.01, '37400/3335', '422', '181', '', '2016 437/1', ''),
	(54, '0543404367', '4220517X00000475', '74041', 15.58, 0, 0, 0, 15.58, 3.43, 19.01, '28300/3335', '465', '181', '', '2016 435/1', ''),
	(55, '0543405066', '4220517X00000475', '74041', 15.58, 0.03, 0, 0, 15.61, 3.43, 19.04, '20200/3335', '181', '181', '', '2016 468/1', ''),
	(56, '0543473571', '4220517X00000475', '74041', 95.8, 1.41, 0, 0, 97.21, 21.39, 118.6, '27300/3335', '464', '181', '', '2016 434/1', ''),
	(57, '0543473961', '4220517X00000475', '74041', 15.58, 0.03, 0, 0, 15.61, 3.43, 19.04, '27300/3335', '464', '181', '', '2016 434/1', ''),
	(58, '0543476042', '4220517X00000475', '74041', 57.46, 0, 0, 0, 57.46, 12.64, 70.1, '27300/3335', '464', '181', '', '2016 434/1', ''),
	(59, '0543479192', '4220517X00000475', '74041', 55.8, 0.26, 0, 0, 56.06, 12.33, 68.39, '37400/3335', '422', '181', '', '2016 437/1', ''),
	(60, '0543479436', '4220517X00000475', '74041', 68.72, 0, 0, 0, 68.72, 15.12, 83.84, '41700/3335', '418', '181', 'IVA', '2016 441/1', 'CREDITO 0'),
	(61, '0543479502', '4220517X00000475', '74041', 71.76, 0.09, 0, 0, 71.85, 15.81, 87.66, '20200/3335', '181', '181', '', '2016 468/1', ''),
	(62, '0543479683', '4220517X00000475', '74041', 35.92, 41.32, 0, 0, 77.24, 16.99, 94.23, '20200/3335', '181', '181', '', '2016 468/1', ''),
	(63, '0543480153', '4220517X00000475', '74041', 6.76, 0.76, 0, 0, 7.52, 1.65, 9.17, '60060/3335', '434', '181', '', '2016 469/1', ''),
	(64, '0543480482', '4220517X00000475', '74041', 58.38, 1.48, 0, 0, 59.86, 13.17, 73.03, '25700/3335', '455', '181', 'IVA', '2016 433/1', ''),
	(65, '0543481408', '4220517X00000475', '74041', 55.8, 0.46, 0, 0, 56.26, 12.38, 68.64, '04200/3335', '117', '181', '', '2016 429/1', ''),
	(66, '0543488247', '4220517X00000475', '74041', 59.52, 2.89, 0, 0, 62.41, 13.73, 76.14, '27300/3335', '464', '181', '', '2016 434/1', ''),
	(67, '0543494899', '4220517X00000475', '74041', 55.8, 0.65, 0, 0, 56.45, 12.42, 68.87, '20200/3335', '181', '181', '', '2016 468/1', ''),
	(68, '0543551255', '4220517X00000475', '74041', -114.49, 0, 0, -114.49, -114.49, -25.19, -139.68, '04200/3335', '117', '181', '', '2016 429/1', 'Via Dragoni, 57'),
	(69, '0543551351', '4220517X00000475', '74041', 15.58, 0, 0, 0, 15.58, 3.43, 19.01, '20200/3335', '181', '181', '', '2016 468/1', ''),
	(70, '0543551533', '4220517X00000475', '74041', 17.24, 0.03, 0, 0, 17.27, 3.8, 21.07, '04200/3335', '117', '181', '', '2016 429/1', ''),
	(71, '0543553623', '4220517X00000475', '74041', 15.58, 0, 0, 0, 15.58, 3.43, 19.01, '55600/3335', '452', '181', 'IVA', '2017 162/1', ''),
	(72, '0543553633', '4220517X00000475', '74041', 15.58, 0, 0, 0, 15.58, 3.43, 19.01, '55600/3335', '452', '181', 'IVA', '2017 162/1', ''),
	(73, '0543553643', '4220517X00000475', '74041', 15.58, 0, 0, 0, 15.58, 3.43, 19.01, '25700/3335', '455', '181', 'IVA', '2016 433/1', ''),
	(74, '0543553650', '4220517X00000475', '74041', 15.58, 0, 0, 0, 15.58, 3.43, 19.01, '25700/3335', '455', '181', 'IVA', '2016 433/1', ''),
	(75, '0543553656', '4220517X00000475', '74041', 15.58, 0, 0, 0, 15.58, 3.43, 19.01, '25700/3335', '455', '181', 'IVA', '2016 433/1', ''),
	(76, '0543553663', '4220517X00000475', '74041', 15.58, 0, 0, 0, 15.58, 3.43, 19.01, '55600/3335', '452', '181', 'IVA', '2017 162/1', ''),
	(77, '0543554176', '4220517X00000475', '', 15.58, 0, 0, 0, 15.58, 3.43, 19.01, '55600/3335', '452', '181', 'IVA', '2017 162/1', ''),
	(78, '0543554339', '4220517X00000475', '74041', 55.8, 0, 0, 0, 55.8, 12.28, 68.08, '27300/3335', '464', '181', '', '2016 434/1', ''),
	(79, '0543554393', '4220517X00000475', '74041', 15.58, 1.84, 0, 0, 17.42, 3.83, 21.25, '55600/3335', '452', '181', 'IVA', '2017 162/1', ''),
	(80, '054360157', '4220517X00000475', '', 27.46, 4, 0, 0, 31.46, 6.92, 38.38, '25700/3335', '455', '181', 'iVA', '2016 433/1', ''),
	(81, '054360815', '4220517X00000475', '74041', 18.16, 0, 0, 0, 18.16, 4, 22.16, '04200/3335', '117', '181', '', '2016 429/1', ''),
	(82, '054361267', '4220517X00000475', '74041', 15.58, 1.12, 0, 0, 16.7, 3.67, 20.37, '41700/3335', '418', '181', 'IVA', '2016 441/1', 'CREDITO 0'),
	(83, '054362000', '4220517X00000475', '74041', 32.57, 4.83, 0, 0, 37.4, 8.23, 45.63, '25700/3335', '455', '181', 'IVA', '2016 433/1', ''),
	(84, '054362046', '4220517X00000475', '74041', 15.58, 0, 0, 0, 15.58, 3.43, 19.01, '55600/3335', '452', '181', 'IVA', '2017 162/1', ''),
	(85, '054362269', '4220517X00000475', '74041', 18.16, 2.15, 0, 0, 20.31, 4.47, 24.78, '55600/3335', '452', '181', 'IVA', '2017 162/1', ''),
	(86, '054362409', '4220517X00000475', '74041', 17.64, 7.24, 0, 0, 24.88, 5.47, 30.35, '55600/3335', '452', '181', 'IVA', '2017 162/1', ''),
	(87, '054362524', '4220517X00000475', '74041', 19.64, 5, 0, 0, 24.64, 5.42, 30.06, '55600/3335', '452', '181', 'IVA', '2017 162/1', ''),
	(88, '054363004', '4220517X00000475', '74041', 19.3, 4.12, 0, 0, 23.42, 5.15, 28.57, '25700/3335', '455', '181', 'IVA', '2016 433/1', ''),
	(89, '054365753', '4220517X00000475', '74041', 17.64, 7.93, 0, 0, 25.57, 5.63, 31.2, '27300/3335', '464', '181', '', '2016 434/1', ''),
	(90, '054365988', '4220517X00000475', '74041', 15.58, 0, 0, 0, 15.58, 3.43, 19.01, '04200/3335', '117', '181', '', '2016 429/1', ''),
	(91, '054366627', '4220517X00000475', '74041', 32.24, 0, 0, 0, 32.24, 7.09, 39.33, '53000/3335', '364', '181', '', '2016 442/1', ''),
	(92, '054367768', '4220517X00000475', '74041', 15.58, 5.2, 0, 0, 20.78, 4.57, 25.35, '55600/3335', '452', '181', 'IVA', '2017 162/1', ''),
	(93, '054368046', '4220517X00000475', '74041', 19.92, 4.52, 0, 0, 24.44, 5.38, 29.82, '27300/3335', '464', '181', '', '2016 434/1', ''),
	(94, '0543700640', '4220517X00000475', '74041', 22.92, 0, 0, 0, 22.92, 5.04, 27.96, '04200/3335', '117', '181', '', '2016 429/1', ''),
	(95, '0543700699', '4220517X00000475', '74041', 17.02, 2.25, 0, 0, 19.27, 4.24, 23.51, '55600/3335', '452', '181', 'IVA', '2017 162/1', ''),
	(96, '0543701010', '4220517X00000475', '74041', 22.8, 3.2, 0, 0, 26, 5.72, 31.72, '25700/3335', '455', '181', 'IVA', '2016 433/1', ''),
	(97, '0543702031', '4220517X00000475', '74041', 15.58, 0.02, 0, 0, 15.6, 3.43, 19.03, '20200/3335', '181', '181', '', '2016 468/1', ''),
	(98, '0543702170', '4220517X00000475', '74041', 15.58, 0, 0, 0, 15.58, 3.43, 19.01, '55600/3335', '452', '181', 'IVA', '2017 162/1', ''),
	(99, '0543702190', '4220517X00000475', '74041', 15.58, 0, 0, 0, 15.58, 3.43, 19.01, '25700/3335', '455', '181', 'IVA', '2016 433/1', ''),
	(100, '0543702401', '4220517X00000475', '', 15.58, 0, 0, 0, 15.58, 3.43, 19.01, '20200/3335', '181', '181', '', '2016 468/1', ''),
	(101, '0543702473', '4220517X00000475', '74041', 21.78, 0.27, 0, 0, 22.05, 4.85, 26.9, '41700/3335', '415', '181', 'IVA', '2016 439/1', ' '),
	(102, '0543702582', '4220517X00000475', '74041', 15.58, 0, 0, 0, 15.58, 3.43, 19.01, '23300/3335', '131', '181', '', '2016 432/1', ''),
	(103, '0543703873', '4220517X00000475', '74041', 20.86, 4.85, 0, 0, 25.71, 5.66, 31.37, '27300/3335', '464', '181', '', '2016 434/1', ''),
	(104, '0543704031', '4220517X00000475', '74041', 18.16, 1.56, 0, 0, 19.72, 4.34, 24.06, '27300/3335', '464', '181', '', '2016 434/1', ''),
	(105, '0543705159', '4220517X00000475', '74041', 19.2, 0.83, 0, 0, 20.03, 4.41, 24.44, '04200/3335', '117', '181', '', '2016 429/1', ''),
	(106, '0543705457', '4220517X00000475', '', 15.58, 0, 0, 0, 15.58, 3.43, 19.01, '23300/3335', '131', '181', '', '2016 432/1', ''),
	(107, '0543720541', '4220517X00000475', '74041', 15.58, 3.89, 0, 0, 19.47, 4.28, 23.75, '55600/3335', '452', '181', 'IVA', '2017 162/1', ''),
	(108, '0543720613', '4220517X00000475', '74041', 15.58, 0, 0, 0, 15.58, 3.43, 19.01, '20200/3335', '181', '181', '', '2016 468/1', ''),
	(109, '0543720704', '4220517X00000475', '74041', 18.68, 5.22, 0, 0, 23.9, 5.26, 29.16, '25700/3335', '455', '181', 'IVA', '2016 433/1', ''),
	(110, '0543721051', '4220517X00000475', '74041', 22.8, 1.37, 0, 0, 24.17, 5.32, 29.49, '53000/3335', '364', '181', '', '2016 442/1', ''),
	(111, '0543721916', '4220517X00000475', '74041', 20.7, 0.06, 0, 0, 20.76, 4.57, 25.33, '33000/3335', '164', '181', 'IVA', '2017 154/1', ''),
	(112, '0543722307', '4220517X00000475', '74041', 15.58, 8.47, 0, 0, 24.05, 5.29, 29.34, '33000/3335', '164', '181', 'IVA', '2017 154/1', ''),
	(113, '0543722597', '4220517X00000475', '74041', 15.58, 0.5, 0, 0, 16.08, 3.54, 19.62, '20200/3335', '181', '181', '', '2016 468/1', ''),
	(114, '0543722792', '4220517X00000475', '74041', 19.2, 7.03, 0, 0, 26.23, 5.77, 32, '33000/3335', '164', '181', 'IVA', '2017 154/1', ''),
	(115, '0543723469', '4220517X00000475', '74041', 19.2, 7.24, 0, 0, 26.44, 5.82, 32.26, '20200/3335', '181', '181', '', '2016 468/1', ''),
	(116, '0543723884', '4220517X00000475', '74041', 15.58, 0, 0, 0, 15.58, 3.43, 19.01, '20200/3335', '181', '181', '', '2016 468/1', ''),
	(117, '0543724313', '4220517X00000475', '74041', 15.58, 1.67, 0, 0, 17.25, 3.8, 21.05, '33000/3335', '164', '181', 'IVA', '2017 154/1', ''),
	(118, '0543724578', '4220517X00000475', '74041', 15.58, 0, 0, 0, 15.58, 3.43, 19.01, '33000/3335', '164', '181', 'IVA', '2017 154/1', ''),
	(119, '0543725674', '4220517X00000475', '74041', 15.58, 0.54, 0, 0, 16.12, 3.55, 19.67, '04200/3335', '117', '181', '', '2016 429/1', ''),
	(120, '0543725764', '4220517X00000475', '74041', 15.58, 0, 0, 0, 15.58, 3.43, 19.01, '55600/3335', '452', '181', 'IVA', '2017 162/1', ''),
	(121, '0543725772', '4220517X00000475', '74041', 15.58, 0, 0, 0, 15.58, 3.43, 19.01, '25700/3335', '455', '181', 'IVA', '2016 433/1', ''),
	(122, '0543728164', '4220517X00000475', '74041', 57.86, 0, 0, 0, 57.86, 12.73, 70.59, '04200/3335', '117', '181', '', '2016 429/1', ''),
	(123, '0543756296', '4220517X00000475', '74041', 60.44, 1.79, 0, 0, 62.23, 13.69, 75.92, '27300/3335', '464', '181', '', '2016 434/1', ''),
	(124, '0543764440', '4220517X00000475', '74041', 57.46, 1.05, 0, 0, 58.51, 12.87, 71.38, '27300/3335', '464', '181', '', '2016 434/1', ''),
	(125, '0543764455', '4220517X00000475', '74041', 58.38, 2.33, 0, 0, 60.71, 13.36, 74.07, '27300/3335', '464', '181', '', '2016 434/1', ''),
	(126, '0543764499', '4220517X00000475', '74041', 60.44, 1.34, 0, 0, 61.78, 13.59, 75.37, '27300/3335', '464', '181', '', '2016 434/1', ''),
	(127, '0543780050', '4220517X00000475', '74041', 67.06, 1.94, 0, 0, 69, 15.18, 84.18, '27300/3335', '464', '181', '', '2016 434/1', ''),
	(128, '0543780051', '4220517X00000475', '74041', 61.06, 3.22, 0, 0, 64.28, 14.14, 78.42, '27300/3335', '464', '181', '', '2016 434/1', ''),
	(129, '0543780089', '4220517X00000475', '74041', 55.8, 0, 0, 0, 55.8, 12.28, 68.08, '41700/3335', '418', '181', 'IVA', '2016 441/1', 'CREDITO 0'),
	(130, '0543780512', '4220517X00000475', '74041', 64.21, 5.15, 0, 0, 69.36, 15.26, 84.62, '55600/3335', '452', '181', 'IVA', '2017 162/1', ''),
	(131, '0543783020', '4220517X00000475', '74041', 55.8, 0, 0, 0, 55.8, 12.28, 68.08, '55600/3335', '452', '181', 'IVA', '2017 162/1', ''),
	(132, '0543783043', '4220517X00000475', '74041', 59.08, 0.3, 0, 0, 59.38, 13.06, 72.44, '20230/3335', '31', '181', '', '2016 430/1', ''),
	(133, '0543795029', '4220517X00000475', '74041', 15.58, 1.48, 4.78, 0, 21.84, 4.8, 26.64, '27300/3335', '464', '181', '', '2016 434/1', ''),
	(134, '0543795879', '4220517X00000475', '74041', 15.58, 0, 0, 0, 15.58, 3.43, 19.01, '20250/3335', '366', '181', '', '2016 431/1', ''),
	(135, '0543798802', '4220517X00000475', '74041', 15.58, 1.42, 0, 0, 17, 3.74, 20.74, '28300/3335', '465', '181', '', '2016 435/1', ''),
	(136, '0543798893', '4220517X00000475', '74041', 15.58, 1.09, 0, 0, 16.67, 3.67, 20.34, '55600/3335', '452', '181', 'IVA', '2017 162/1', ''),
	(137, '0543799923', '4220517X00000475', '74041', 19.2, 3.32, 0, 0, 22.52, 4.95, 27.47, '55600/3335', '452', '181', 'IVA', '2017 162/1', ''),
	(138, '0543818364', '4220517X00000475', '74041', 15.58, 0, 0, 0, 15.58, 3.43, 19.01, '27300/3335', '464', '181', '', '2016 434/1', ''),
	(139, '0543818384', '4220517X00000475', '74041', 15.58, 3.31, 0, 0, 18.89, 4.16, 23.05, '27300/3335', '464', '181', '', '2016 434/1', ''),
	(140, '0543818575', '4220517X00000475', '', 15.58, 0, 0, 0, 15.58, 3.43, 19.01, '04200/3335', '117', '181', '', '2016 429/1', ''),
	(141, '054383400', '4220517X00000475', '74041', 55.8, 3.27, 0, 0, 59.07, 13, 72.07, '27300/3335', '464', '181', '', '2016 434/1', ''),
	(142, '054386016', '4220517X00000475', '74041', 65.3, 3.46, 0, 0, 68.76, 15.13, 83.89, '28300/3335', '465', '181', '', '2016 435/1', ''),
	(143, '054386037', '4220517X00000475', '74041', 65.78, 2.4, 0, 0, 68.18, 15, 83.18, '27300/3335', '464', '181', '', '2016 434/1', ''),
	(144, '054386324', '4220517X00000475', '74041', 55.8, 0, 0, 0, 55.8, 12.28, 68.08, '25700/3335', '455', '181', 'IVA', '2016 433/1', ''),
	(145, '054386392', '4220517X00000475', '', 57.46, 1.95, 0, 0, 59.41, 13.07, 72.48, '27300/3335', '464', '181', '', '2016 434/1', ''),
	(146, '054386447', '4220517X00000475', '74041', 57.46, 1.79, 0, 0, 59.25, 13.04, 72.29, '27300/3335', '464', '181', '', '2016 434/1', ''),
	(147, '054389537', '4220517X00000475', '74041', 61.06, 1.56, 0, 0, 62.62, 13.78, 76.4, '27300/3335', '464', '181', '', '2016 434/1', ''),
	(148, '054389541', '4220517X00000475', '74041', 57.46, 1.93, 0, 0, 59.39, 13.07, 72.46, '27300/3335', '464', '181', '', '2016 434/1', ''),
	(149, '054320040', '4220517X00000475', '74041', 726.82, 2.51, 0, 0, 729.33, 160.45, 889.78, '38400/3335', '412', '181', 'IVA', '2017 156/1', 'Teatro Centralino?'),
	(150, '054320897', '4220517X00000475', '74041', 23.7, 1.36, 0, 0, 25.06, 5.51, 30.57, '55750/3335', '436', '181', '', '2016 445/1', ''),
	(151, '054321203', '4220517X00000475', '74041', 23.7, 3.26, 0, 0, 26.96, 5.93, 32.89, '38400/3335', '412', '181', 'IVA', '2017 156/1', ''),
	(152, '054321241', '4220517X00000475', '74041', 328.66, 74.46, 0, 0, 403.12, 88.69, 491.81, '55750/3335', '436', '181', '', '2016 445/1', 'Centro Donna?'),
	(153, '054321895', '4220517X00000475', '74041', 39.14, 10.78, 0, 0, 49.92, 10.98, 60.9, '28300/3335', '465', '181', '', '2016 435/1', ''),
	(154, '054324013', '4220517X00000475', '74041', 20.08, 0.09, 0, 0, 20.17, 4.44, 24.61, '04200/3335', '117', '181', '', '2016 429/1', ''),
	(155, '054325275', '4220517X00000475', '74041', 48.85, 58.08, 4.78, 0, 111.71, 24.58, 136.29, '27300/3335', '464', '181', '', '2016 434/1', ''),
	(156, '054325505', '4220517X00000475', '74041', 43.28, 0, 0, 0, 43.28, 9.52, 52.8, '20200/3335', '181', '181', '', '2016 468/1', ''),
	(157, '054325976', '4220517X00000475', '74041', 23.7, 17.27, 0, 0, 40.97, 9.01, 49.98, '55750/3335', '436', '181', '', '2016 445/1', ''),
	(158, '054331978', '4220517X00000475', '74041', 20.08, 0.66, 0, 0, 20.74, 4.56, 25.3, '37400/3335', '422', '181', '', '2016 437/1', ''),
	(159, '054332019', '4220517X00000475', '74041', 44.46, 3.28, 0, 0, 47.74, 10.5, 58.24, '28300/3335', '465', '181', '', '2016 435/1', ''),
	(160, '054333100', '4220517X00000475', '', 51.13, 7.46, 0, 0, 58.59, 12.89, 71.48, '27300/3335', '464', '181', '', '2016 434/1', ''),
	(161, '054333345', '4220517X00000475', '74041', 60.32, 43.89, 0, 0, 104.21, 22.93, 127.14, '27300/3335', '464', '181', '', '2016 434/1', ''),
	(162, '054336220', '4220517X00000475', '', 622.72, 1.24, 0, 0, 623.96, 137.27, 761.23, '20200/3335', '181', '181', '', '2016 468/1', 'Centralino Comune'),
	(163, '054336221', '4220517X00000475', '74041', 23.7, 0.8, 0, 0, 24.5, 5.39, 29.89, '20200/3335', '181', '181', '', '2016 468/1', ''),
	(164, '054336222', '4220517X00000475', '74041', 23.7, 0, 0, 0, 23.7, 5.21, 28.91, '20200/3335', '181', '181', '', '2016 468/1', ''),
	(165, '054336224', '4220517X00000475', '74041', 1089.6, 0.22, 0, 0, 1089.82, 239.76, 1329.58, '23300/3335', '131', '181', '', '2016 432/1', 'C.so rep?'),
	(166, '054336225', '4220517X00000475', '74041', 23.7, 0, 0, 0, 23.7, 5.21, 28.91, '23300/3335', '131', '181', '', '2016 432/1', ''),
	(167, '054336226', '4220517X00000475', '74041', 20.08, 37.57, 0, 0, 57.65, 12.68, 70.33, '23300/3335', '131', '181', '', '2016 432/1', ''),
	(168, '054336227', '4220517X00000475', '74041', 23.7, 0, 0, 0, 23.7, 5.21, 28.91, '23300/3335', '131', '181', '', '2016 432/1', ''),
	(169, '054336272', '4220517X00000475', '74041', 191.58, 0.02, 0, 0, 191.6, 42.15, 233.75, '65602/3335', '221', '181', 'IVA', '2017 168/1', ''),
	(170, '054336273', '4220517X00000475', '74041', 23.7, 19.83, 0, 0, 43.53, 9.58, 53.11, '65602/3335', '221', '181', 'IVA', '2017 168/1', ''),
	(171, '054336274', '4220517X00000475', '74041', 513.83, 20.95, 0, 0, 534.78, 117.65, 652.43, '55750/3335', '436', '181', '', '2016 445/1', 'Welfare G. saffi'),
	(172, '054336662', '4220517X00000475', '74041', 37.08, 8.9, 0, 0, 45.98, 10.12, 56.1, '20200/3335', '181', '181', '', '2016 468/1', ''),
	(173, '054336703', '4220517X00000475', '74041', 37.08, 0, 0, 0, 37.08, 8.16, 45.24, '20200/3335', '181', '181', '', '2016 468/1', ''),
	(174, '0543370850', '4220517X00000475', '74041', 37.08, 0, 0, 0, 37.08, 8.16, 45.24, '20200/3335', '181', '181', '', '2016 468/1', ''),
	(175, '0543403007', '4220517X00000475', '74041', 22.14, 12.97, 0, 0, 35.11, 7.72, 42.83, '20200/3335', '181', '181', '', '2016 468/1', ''),
	(176, '0543403205', '4220517X00000475', '74041', 53.39, 4.95, 0, 0, 58.34, 12.83, 71.17, '27300/3335', '464', '181', '', '2016 434/1', ''),
	(177, '0543404110', '4220517X00000475', '74041', 206.29, 16.1, 0, 0, 222.39, 48.93, 271.32, '23300/3335', '131', '181', '', '2016 432/1', 'Curiel'),
	(178, '0543404111', '4220517X00000475', '', 23.7, 23.58, 0, 0, 47.28, 10.4, 57.68, '23300/3335', '131', '181', '', '2016 432/1', ''),
	(179, '054360499', '4220517X00000475', '', 56.22, 4.64, 0, 0, 60.86, 13.39, 74.25, '28300/3335', '465', '181', '', '2016 435/1', ''),
	(180, '054361268', '4220517X00000475', '74041', 32.46, 1.59, 0, 0, 34.05, 7.49, 41.54, '27300/3335', '464', '181', '', '2016 434/1', ''),
	(181, '054362124', '4220517X00000475', '74041', 39.71, 13.8, 7.08, 0, 60.59, 13.33, 73.92, '20200/3335', '181', '181', '', '2016 468/1', ''),
	(182, '054363074', '4220517X00000475', '74041', 55.06, 46.24, 0, 0, 101.3, 22.29, 123.59, '27300/3335', '464', '181', '', '2016 434/1', ''),
	(183, '054363439', '4220517X00000475', '74041', 32.46, 59.66, 9.56, 0, 101.68, 22.37, 124.05, '28300/3335', '465', '181', '', '2016 435/1', ''),
	(184, '054363508', '4220517X00000475', '74041', 25.86, 2.06, 0, 0, 27.92, 6.14, 34.06, '27300/3335', '464', '181', '', '2016 434/1', ''),
	(185, '054365089', '4220517X00000475', '74041', -28.11, 55.57, 0, 0, 27.46, 6.04, 33.5, '28300/3335', '465', '181', '', '2016 435/1', ''),
	(186, '054366658', '4220517X00000475', '74041', 37.53, 0.38, 0, 0, 37.91, 8.34, 46.25, '28300/3335', '465', '181', '', '2016 435/1', ''),
	(187, '054367215', '4220517X00000475', '74041', 38.66, 5.53, 0, 0, 44.19, 9.72, 53.91, '27300/3335', '464', '181', '', '2016 434/1', ''),
	(188, '0543700661', '4220517X00000475', '74041', 34.12, 3.56, 0, 0, 37.68, 8.29, 45.97, '27300/3335', '464', '181', '', '2016 434/1', ''),
	(189, '0543700777', '4220517X00000475', '74041', 39.14, 8.14, 0, 0, 47.28, 10.4, 57.68, '20200/3335', '181', '181', '', '2016 468/1', ''),
	(190, '0543703001', '4220517X00000475', '74041', 59.85, 13.05, 0, 0, 72.9, 16.04, 88.94, '28300/3335', '465', '181', '', '2016 435/1', ''),
	(191, '0543721072', '4220517X00000475', '74041', 44.04, 46.43, 0, 0, 90.47, 19.9, 110.37, '27300/3335', '464', '181', '', '2016 434/1', ''),
	(192, '0543721077', '4220517X00000475', '74041', 59.44, 5.42, 0, 0, 64.86, 14.27, 79.13, '28300/3335', '465', '181', '', '2016 435/1', ''),
	(193, '0543724014', '4220517X00000475', '74041', 28.34, 1.96, 0, 0, 30.3, 6.67, 36.97, '27300/3335', '464', '181', '', '2016 434/1', ''),
	(194, '0543726006', '4220517X00000475', '74041', 81.86, 5.68, 0, 0, 87.54, 19.26, 106.8, '27300/3335', '464', '181', '', '2016 434/1', ''),
	(195, '0543726007', '4220517X00000475', '74041', 150.1, 0, 0, 0, 150.1, 33.02, 183.12, '27300/3335', '464', '181', '', '2016 434/1', ''),
	(196, '0543764433', '4220517X00000475', '74041', 107.6, 8.63, 0, 0, 116.23, 25.57, 141.8, '28300/3335', '465', '181', '', '2016 435/1', ''),
	(197, '0543770601', '4220517X00000475', '74041', 530.8, 2.65, 0, 0, 533.45, 117.36, 650.81, '65601/3335', '221', '181', 'IVA', '2017 137/1', 'Contrattazioni'),
	(198, '0543774939', '4220517X00000475', '74041', 216.43, 20.91, 0, 0, 237.34, 52.21, 289.55, '63700/3335', '126', '181', '', '2016 448/1', 'Cimiteriali'),
	(199, '0543775359', '4220517X00000475', '74041', 40.18, 2.37, 0, 0, 42.55, 9.36, 51.91, '20200/3335', '181', '181', '', '2016 468/1', ''),
	(200, '0543798270', '4220517X00000475', '74041', 52.17, 2.42, 0, 0, 54.59, 12.01, 66.6, '04200/3335', '117', '181', '', '2016 429/1', ''),
	(201, '0543816001', '4220517X00000475', '74041', 114.4, 77.31, 0, 0, 191.71, 42.18, 233.89, '20200/3335', '181', '181', '', '2016 468/1', ''),
	(202, '054313344270', '4220517X00000475', '74041', 638.24, 0, 0, 0, 638.24, 140.41, 778.65, '20200/3343', '181', '181', ' ', '2016 127/1', 'Centro Stella MPLS'),
	(203, '054313340601', '4220517X00000475', '74041', 795.38, 0, 0, 0, 795.38, 174.98, 970.36, '20200/3343', '181', '181', ' ', '2016 127/1', 'HDL Wifi'),
	(204, '054313345069', '4220517X00000475', '74041', 240, 1388.73, 0, 0, 1628.73, 358.32, 1987.05, '20200/3335', '181', '181', '', '2016 468/1', 'Voip'),
	(205, '054313340642', '4220517X00000475', '74041', 642, 0, 0, 0, 642, 141.24, 783.24, '20200/3343', '181', '181', ' ', '2016 127/1', 'HDSL FMI'),
	(206, '054313341670', '4220517X00000475', '74041', 14.4, 0, 0, 0, 14.4, 3.17, 17.57, '41700/3335', '418', '181', 'IVA', '2016 441/1', 'CREDITO 0'),
	(207, '054313341671', '4220517X00000475', '74041', 14.4, 0, 0, 0, 14.4, 3.17, 17.57, '04200/3335', '117', '181', '', '2016 429/1', ''),
	(208, '054313341672', '4220517X00000475', '74041', 14.4, 0, 0, 0, 14.4, 3.17, 17.57, '27300/3335', '464', '181', '', '2016 434/1', ''),
	(209, '054313341676', '4220517X00000475', '74041', 17.15, 0, 0, 0, 17.15, 3.77, 20.92, '23300/3335', '131', '181', '', '2016 432/1', ''),
	(210, '054313341678', '4220517X00000475', '74041', 17.15, 0, 0, 0, 17.15, 3.77, 20.92, '60090/3335', '449', '181', '', '2016 447/1', ''),
	(211, '054313341679', '4220517X00000475', '74041', 17.15, 0, 0, 0, 17.15, 3.77, 20.92, '41700/3335', '415', '181', 'IVA', '2016 439/1', ' '),
	(212, '054313341680', '4220517X00000475', '74041', 17.15, 0, 0, 0, 17.15, 3.77, 20.92, '27300/3335', '464', '181', '', '2016 434/1', ''),
	(213, '054313341683', '4220517X00000475', '74041', 17.15, 0, 0, 0, 17.15, 3.77, 20.92, '41700/3335', '417', '181', 'IVA', '2016 440/1', ' '),
	(214, '054313341687', '4220517X00000475', '74041', 18.05, 0, 0, 0, 18.05, 3.97, 22.02, '27300/3335', '464', '181', '', '2016 434/1', ''),
	(215, '054313341688', '4220517X00000475', '74041', 17.15, 0, 0, 0, 17.15, 3.77, 20.92, '04200/3335', '117', '181', '', '2016 429/1', ''),
	(216, '054313341689', '4220517X00000475', '74041', 17.15, 0, 0, 0, 17.15, 3.77, 20.92, '20200/3343', '181', '181', ' ', '2016 127/1', ''),
	(217, '054313341691', '4220517X00000475', '74041', 17.15, 0, 0, 0, 17.15, 3.77, 20.92, '04200/3335', '117', '181', '', '2016 429/1', ''),
	(218, '054313341694', '4220517X00000475', '74041', 17.15, 0, 0, 0, 17.15, 3.77, 20.92, '20200/3343', '181', '181', ' ', '2016 127/1', ''),
	(219, '054313341695', '4220517X00000475', '74041', 17.15, 0, 0, 0, 17.15, 3.77, 20.92, '28300/3335', '465', '181', '', '2016 435/1', ''),
	(220, '054313341696', '4220517X00000475', '74041', 17.15, 0, 0, 0, 17.15, 3.77, 20.92, '04200/3335', '117', '181', '', '2016 429/1', ''),
	(221, '054313341697', '4220517X00000475', '74041', 17.15, 0, 0, 0, 17.15, 3.77, 20.92, '04200/3335', '117', '181', '', '2016 429/1', ''),
	(222, '054313341700', '4220517X00000475', '74041', 17.15, 0, 0, 0, 17.15, 3.77, 20.92, '27300/3335', '464', '181', '', '2016 434/1', ''),
	(223, '054313341701', '4220517X00000475', '74041', 18.05, 0, 0, 0, 18.05, 3.97, 22.02, '04200/3335', '117', '181', '', '2016 429/1', ''),
	(224, '054313341702', '4220517X00000475', '74041', 18.05, 0, 0, 0, 18.05, 3.97, 22.02, '27300/3335', '464', '181', '', '2016 434/1', ''),
	(225, '054313341703', '4220517X00000475', '74041', 18.05, 0, 0, 0, 18.05, 3.97, 22.02, '04200/3335', '117', '181', '', '2016 429/1', ''),
	(226, '054313341704', '4220517X00000475', '74041', 17.15, 0, 0, 0, 17.15, 3.77, 20.92, '27300/3335', '464', '181', '', '2016 434/1', ''),
	(227, '054313341705', '4220517X00000475', '74041', 17.15, 0, 0, 0, 17.15, 3.77, 20.92, '27300/3335', '464', '181', '', '2016 434/1', ''),
	(228, '054313341706', '4220517X00000475', '74041', 17.15, 0, 0, 0, 17.15, 3.77, 20.92, '27300/3335', '464', '181', '', '2016 434/1', ''),
	(229, '054313341707', '4220517X00000475', '74041', 17.15, 0, 0, 0, 17.15, 3.77, 20.92, '27300/3335', '464', '181', '', '2016 434/1', ''),
	(230, '054313341708', '4220517X00000475', '74041', 17.15, 0, 0, 0, 17.15, 3.77, 20.92, '28300/3335', '465', '181', '', '2016 435/1', ''),
	(231, '054313341709', '4220517X00000475', '74041', 17.15, 0, 0, 0, 17.15, 3.77, 20.92, '27300/3335', '464', '181', '', '2016 434/1', ''),
	(232, '054313341710', '4220517X00000475', '74041', 17.15, 0, 0, 0, 17.15, 3.77, 20.92, '27300/3335', '464', '181', '', '2016 434/1', ''),
	(233, '054313341711', '4220517X00000475', '74041', 17.15, 0, 0, 0, 17.15, 3.77, 20.92, '27300/3335', '464', '181', '', '2016 434/1', ''),
	(234, '054313341712', '4220517X00000475', '74041', 17.15, 0, 0, 0, 17.15, 3.77, 20.92, '27300/3335', '464', '181', '', '2016 434/1', ''),
	(235, '054313341719', '4220517X00000475', '74041', 17.15, 0, 0, 0, 17.15, 3.77, 20.92, '55600/3335', '452', '181', 'IVA', '2017 162/1', ''),
	(236, '054313341720', '4220517X00000475', '74041', 17.15, 0, 0, 0, 17.15, 3.77, 20.92, '55600/3335', '452', '181', 'IVA', '2017 162/1', ''),
	(237, '054313341721', '4220517X00000475', '74041', 17.15, 0, 0, 0, 17.15, 3.77, 20.92, '55600/3335', '452', '181', 'IVA', '2017 162/1', ''),
	(238, '054313341729', '4220517X00000475', '74041', 17.15, 0, 0, 0, 17.15, 3.77, 20.92, '04200/3335', '117', '181', '', '2016 429/1', ''),
	(239, '054313341730', '4220517X00000475', '74041', 17.15, 0, 0, 0, 17.15, 3.77, 20.92, '25700/3335', '455', '181', 'IVA', '2016 433/1', ''),
	(240, '054313341731', '4220517X00000475', '74041', 17.15, 0, 0, 0, 17.15, 3.77, 20.92, '25700/3335', '455', '181', 'IVA', '2016 433/1', ''),
	(241, '054313341732', '4220517X00000475', '74041', 17.15, 0, 0, 0, 17.15, 3.77, 20.92, '25700/3335', '455', '181', 'IVA', '2016 433/1', ''),
	(242, '054313341733', '4220517X00000475', '74041', 17.15, 0, 0, 0, 17.15, 3.77, 20.92, '25700/3335', '455', '181', 'IVA', '2016 433/1', ''),
	(243, '054313341734', '4220517X00000475', '74041', 17.15, 0, 0, 0, 17.15, 3.77, 20.92, '55750/3335', '436', '181', '', '2016 445/1', ''),
	(244, '054313341735', '4220517X00000475', '74041', 17.15, 0, 0, 0, 17.15, 3.77, 20.92, '04200/3335', '117', '181', '', '2016 429/1', ''),
	(245, '054313341736', '4220517X00000475', '74041', 17.15, 0, 0, 0, 17.15, 3.77, 20.92, '55600/3335', '452', '181', 'IVA', '2017 162/1', ''),
	(246, '054313341737', '4220517X00000475', '74041', 17.15, 0, 0, 0, 17.15, 3.77, 20.92, '55600/3335', '452', '181', 'IVA', '2017 162/1', ''),
	(247, '054313341738', '4220517X00000475', '74041', 17.15, 0, 0, 0, 17.15, 3.77, 20.92, '25700/3335', '455', '181', 'IVA', '2016 433/1', ''),
	(248, '054313341739', '4220517X00000475', '74041', 17.15, 0, 0, 0, 17.15, 3.77, 20.92, '25700/3335', '455', '181', 'IVA', '2016 433/1', ''),
	(249, '054313341746', '4220517X00000475', '74041', 17.15, 0, 0, 0, 17.15, 3.77, 20.92, '55600/3335', '452', '181', 'IVA', '2017 162/1', ''),
	(250, '054313341747', '4220517X00000475', '74041', 17.15, 0, 0, 0, 17.15, 3.77, 20.92, '27300/3335', '464', '181', '', '2016 434/1', ''),
	(251, '054313341748', '4220517X00000475', '74041', 17.15, 0, 0, 0, 17.15, 3.77, 20.92, '25700/3335', '455', '181', 'IVA', '2016 433/1', ''),
	(252, '054313341774', '4220517X00000475', '74041', 18.05, 0, 0, 0, 18.05, 3.97, 22.02, '25700/3335', '455', '181', 'IVA', '2016 433/1', ''),
	(253, '054313341783', '4220517X00000475', '74041', 18.05, 0, 0, 0, 18.05, 3.97, 22.02, '25700/3335', '455', '181', 'IVA', '2016 433/1', ''),
	(254, '054313341824', '4220517X00000475', '74041', 18.05, 0, 0, 0, 18.05, 3.97, 22.02, '27300/3335', '464', '181', '', '2016 434/1', ''),
	(255, '054313342021', '4220517X00000475', '74041', 17.15, 0, 0, 0, 17.15, 3.77, 20.92, '60060/3335', '431', '181', '', '2016 446/1', ''),
	(256, '054313342049', '4220517X00000475', '74041', 41.48, 0, 0, 0, 41.48, 9.13, 50.61, '65600/3335', '222', '181', 'IVA', '2016 449/1', ''),
	(257, '054313342050', '4220517X00000475', '', 41.48, 0, 0, 0, 41.48, 9.13, 50.61, '20200/3343', '181', '181', '', '2016 127/1', ''),
	(258, '054313342052', '4220517X00000475', '74041', 44.22, 0, 0, 0, 44.22, 9.73, 53.95, '55750/3335', '436', '181', '', '2016 445/1', ''),
	(259, '054313342053', '4220517X00000475', '74041', 44.22, 0, 0, 0, 44.22, 9.73, 53.95, '20200/3343', '181', '181', ' ', '2016 127/1', ''),
	(260, '054313342059', '4220517X00000475', '74041', 45.13, 0, 0, 0, 45.13, 9.93, 55.06, '37400/3335', '422', '181', '', '2016 437/1', ''),
	(261, '054313342163', '4220517X00000475', '74041', 17.15, 0, 0, 0, 17.15, 3.77, 20.92, '27300/3335', '464', '181', '', '2016 434/1', ''),
	(262, '054313342858', '4220517X00000475', '74041', 42.87, 0, 0, 0, 42.87, 9.43, 52.3, '20200/3343', '181', '181', ' ', '2016 127/1', ''),
	(263, '054313343408', '4220517X00000475', '74041', 187.94, 0, 0, 0, 187.94, 41.35, 229.29, '23300/3335', '131', '181', '', '2016 432/1', ''),
	(264, '054313344286', '4220517X00000475', '74041', 42.87, 0, 0, 0, 42.87, 9.43, 52.3, '27300/3335', '464', '181', '', '2016 434/1', ''),
	(265, '054313344287', '4220517X00000475', '74041', 42.87, 0, 0, 0, 42.87, 9.43, 52.3, '27300/3335', '464', '181', '', '2016 434/1', ''),
	(266, '054313344288', '4220517X00000475', '74041', 44.23, 0, 0, 0, 44.23, 9.73, 53.96, '28300/3335', '465', '181', '', '2016 435/1', ''),
	(267, '054313344289', '4220517X00000475', '74041', 42.87, 0, 0, 0, 42.87, 9.43, 52.3, '28300/3335', '465', '181', '', '2016 435/1', ''),
	(268, '054313344290', '4220517X00000475', '74041', 44.23, 0, 0, 0, 44.23, 9.73, 53.96, '27300/3335', '464', '181', '', '2016 434/1', ''),
	(269, '054313344291', '4220517X00000475', '74041', 42.87, 0, 0, 0, 42.87, 9.43, 52.3, '28300/3335', '465', '181', '', '2016 435/1', ''),
	(270, '054313344292', '4220517X00000475', '74041', 44.23, 0, 0, 0, 44.23, 9.73, 53.96, '27300/3335', '464', '181', '', '2016 434/1', ''),
	(271, '054313344293', '4220517X00000475', '74041', 44.23, 0, 0, 0, 44.23, 9.73, 53.96, '28300/3335', '465', '181', '', '2016 435/1', ''),
	(272, '054313344294', '4220517X00000475', '74041', 44.23, 0, 0, 0, 44.23, 9.73, 53.96, '28300/3335', '465', '181', '', '2016 435/1', ''),
	(273, '054313344295', '4220517X00000475', '74041', 44.23, 0, 0, 0, 44.23, 9.73, 53.96, '27300/3335', '464', '181', '', '2016 434/1', ''),
	(274, '054313344296', '4220517X00000475', '74041', 44.23, 0, 0, 0, 44.23, 9.73, 53.96, '28300/3335', '465', '181', '', '2016 435/1', ''),
	(275, '054313344297', '4220517X00000475', '74041', 44.23, 0, 0, 0, 44.23, 9.73, 53.96, '27300/3335', '464', '181', '', '2016 434/1', ''),
	(276, '054313503864', '4220517X00000475', '74041', 17.14, 0, 0, 0, 17.14, 3.77, 20.91, '04200/3335', '117', '181', '', '2016 429/1', ''),
	(277, '054313503865', '4220517X00000475', '74041', 17.14, 0, 0, 0, 17.14, 3.77, 20.91, '04200/3335', '117', '181', '', '2016 429/1', ''),
	(278, '054313503902', '4220517X00000475', '', 18.05, 0, 0, 0, 18.05, 3.97, 22.02, '', '', '', '', '', 'NON C\'E\''),
	(279, '054613513382', '4220517X00000475', '74041', 45.66, 0, 0, 0, 45.66, 10.05, 55.71, '20200/3343', '181', '181', ' ', '2016 127/1', '');
/*!40000 ALTER TABLE `fisso_fatture_riepilogo` ENABLE KEYS */;

/*!40101 SET SQL_MODE=IFNULL(@OLD_SQL_MODE, '') */;
/*!40014 SET FOREIGN_KEY_CHECKS=IF(@OLD_FOREIGN_KEY_CHECKS IS NULL, 1, @OLD_FOREIGN_KEY_CHECKS) */;
/*!40101 SET CHARACTER_SET_CLIENT=@OLD_CHARACTER_SET_CLIENT */;
